<?xml version = '1.0' encoding = 'UTF-8'?>
<Relation class="oracle.dbtools.crest.model.design.logical.Relation" name="Relation_7" directorySegmentName="seg_0" id="70A16C14-FF4A-D0B7-8528-798BA9415B4E">
<createdBy>Seba</createdBy>
<createdTime>2025-09-08 22:44:03 UTC</createdTime>
<ownerDesignName>Semana 4</ownerDesignName>
<engineerTo>
<item key="7CDDBEAD-3ACC-AD00-437F-9489CB77D3C2" value="true"/>
</engineerTo>
<targetPk>18C967F0-D251-8896-F3D2-328C9B51AEDC</targetPk>
<identifying>false</identifying>
<optionalSource>false</optionalSource>
<optionalTarget>false</optionalTarget>
<sourceCardinality>*</sourceCardinality>
<sourceEntity>2AA1D6A9-0115-242F-CB50-87849D0ECD8C</sourceEntity>
<targetCardinalityString>1</targetCardinalityString>
<targetEntity>809DEAE0-E672-C1EC-B300-3F589883770A</targetEntity>
<transferable>true</transferable>
<deleteRule>NO ACTION</deleteRule>
</Relation>