<?xml version = '1.0' encoding = 'UTF-8'?>
<Relation class="oracle.dbtools.crest.model.design.logical.Relation" name="Relation_9" directorySegmentName="seg_0" id="7FB78F50-DE89-1F14-413D-6395136D506B">
<createdBy>Seba</createdBy>
<createdTime>2025-09-08 22:44:57 UTC</createdTime>
<ownerDesignName>Semana 4</ownerDesignName>
<engineerTo>
<item key="7CDDBEAD-3ACC-AD00-437F-9489CB77D3C2" value="true"/>
</engineerTo>
<targetPk>BEBA21CE-9878-67A5-FDC5-C11EDAD07892</targetPk>
<identifying>false</identifying>
<optionalSource>false</optionalSource>
<optionalTarget>false</optionalTarget>
<sourceCardinality>*</sourceCardinality>
<sourceEntity>2AA1D6A9-0115-242F-CB50-87849D0ECD8C</sourceEntity>
<targetCardinalityString>1</targetCardinalityString>
<targetEntity>C4495022-675D-5911-ECB5-01A562BA00A4</targetEntity>
<transferable>true</transferable>
<deleteRule>NO ACTION</deleteRule>
</Relation>