<?xml version = '1.0' encoding = 'UTF-8'?>
<Entity class="oracle.dbtools.crest.model.design.logical.Entity" directorySegmentName="seg_0" id="8220AE7E-3562-4EC7-8378-BD0D51F3A0EC" name="Profesion">
<createdBy>Seba</createdBy>
<createdTime>2025-09-08 22:21:31 UTC</createdTime>
<ownerDesignName>Semana 4</ownerDesignName>
<engineerTo>
<item key="7CDDBEAD-3ACC-AD00-437F-9489CB77D3C2" value="true"/>
</engineerTo>
<adequatelyNormalized>NO</adequatelyNormalized>
<expectedVolumes>0</expectedVolumes>
<fwdEngineeringStrategyName>Single Table</fwdEngineeringStrategyName>
<growthPercent>0</growthPercent>
<growthType>Year</growthType>
<maxVolumes>9999999</maxVolumes>
<minVolumes>0</minVolumes>
<normalForm>Third</normalForm>
<attributes itemClass="oracle.dbtools.crest.model.design.logical.Attribute">
<Attribute name="id_profesion" id="99C7980D-3F18-3551-5E0E-9DD01107E79C">
<createdBy>Seba</createdBy>
<createdTime>2025-09-08 22:21:48 UTC</createdTime>
<ownerDesignName>Semana 4</ownerDesignName>
<engineerTo>
<item key="7CDDBEAD-3ACC-AD00-437F-9489CB77D3C2" value="true"/>
</engineerTo>
<useDomainConstraints>false</useDomainConstraints>
<use>1</use>
<logicalDatatype>LOGDT019</logicalDatatype>
<ownDataTypeParameters>,,</ownDataTypeParameters>
</Attribute>
<Attribute name="nombre_profesion" id="E6018572-5571-2E12-887C-E5BE2702789C">
<createdBy>Seba</createdBy>
<createdTime>2025-09-08 22:22:11 UTC</createdTime>
<ownerDesignName>Semana 4</ownerDesignName>
<engineerTo>
<item key="7CDDBEAD-3ACC-AD00-437F-9489CB77D3C2" value="true"/>
</engineerTo>
<useDomainConstraints>false</useDomainConstraints>
<use>1</use>
<logicalDatatype>LOGDT024</logicalDatatype>
<dataTypeSize>100</dataTypeSize>
<ownDataTypeParameters>100,,</ownDataTypeParameters>
</Attribute>
</attributes>
<identifiers itemClass="oracle.dbtools.crest.model.design.logical.CandidateKey">
<identifier id="C0E17C91-C350-3CC5-EFD0-EED8A5DEC85A" name="Profesion PK">
<createdBy>Seba</createdBy>
<createdTime>2025-09-08 22:22:10 UTC</createdTime>
<ownerDesignName>Semana 4</ownerDesignName>
<engineerTo>
<item key="7CDDBEAD-3ACC-AD00-437F-9489CB77D3C2" value="true"/>
</engineerTo>
<pk>true</pk>
<usedAttributes>
<attributeRef>99C7980D-3F18-3551-5E0E-9DD01107E79C</attributeRef>
</usedAttributes>
</identifier>
<identifier id="9D6F6B6A-236A-3557-6691-0FD69DEC7E25" name="nombre_profesion">
<createdBy>Seba</createdBy>
<createdTime>2025-09-08 22:24:32 UTC</createdTime>
<ownerDesignName>Semana 4</ownerDesignName>
<engineerTo>
<item key="7CDDBEAD-3ACC-AD00-437F-9489CB77D3C2" value="true"/>
</engineerTo>
<newElementsIDs>E6018572-5571-2E12-887C-E5BE2702789C</newElementsIDs>
<usedAttributes>
<attributeRef>E6018572-5571-2E12-887C-E5BE2702789C</attributeRef>
</usedAttributes>
</identifier>
</identifiers>
</Entity>