<?xml version = '1.0' encoding = 'UTF-8'?>
<Entity class="oracle.dbtools.crest.model.design.logical.Entity" directorySegmentName="seg_0" id="F6A02F0C-1F1E-EE60-B60C-0FE7848BA41C" name="Empresa">
<createdBy>Seba</createdBy>
<createdTime>2025-09-08 21:27:06 UTC</createdTime>
<ownerDesignName>Semana 4</ownerDesignName>
<engineerTo>
<item key="7CDDBEAD-3ACC-AD00-437F-9489CB77D3C2" value="true"/>
</engineerTo>
<adequatelyNormalized>NO</adequatelyNormalized>
<expectedVolumes>0</expectedVolumes>
<fwdEngineeringStrategyName>Single Table</fwdEngineeringStrategyName>
<growthPercent>0</growthPercent>
<growthType>Year</growthType>
<maxVolumes>9999999</maxVolumes>
<minVolumes>0</minVolumes>
<normalForm>Third</normalForm>
<attributes itemClass="oracle.dbtools.crest.model.design.logical.Attribute">
<Attribute name="sigla_empresa" id="A819B601-C54C-BDBF-6EE2-2E9C409BA4A0">
<createdBy>Seba</createdBy>
<createdTime>2025-09-08 21:27:59 UTC</createdTime>
<ownerDesignName>Semana 4</ownerDesignName>
<engineerTo>
<item key="7CDDBEAD-3ACC-AD00-437F-9489CB77D3C2" value="true"/>
</engineerTo>
<useDomainConstraints>false</useDomainConstraints>
<use>1</use>
<logicalDatatype>LOGDT024</logicalDatatype>
<dataTypeSize>10</dataTypeSize>
<ownDataTypeParameters>10,,</ownDataTypeParameters>
</Attribute>
<Attribute name="nombre_empresa" id="80579677-10B1-85AD-A9A6-BA9DC216DD4A">
<createdBy>Seba</createdBy>
<createdTime>2025-09-08 21:27:59 UTC</createdTime>
<ownerDesignName>Semana 4</ownerDesignName>
<engineerTo>
<item key="7CDDBEAD-3ACC-AD00-437F-9489CB77D3C2" value="true"/>
</engineerTo>
<useDomainConstraints>false</useDomainConstraints>
<use>1</use>
<logicalDatatype>LOGDT024</logicalDatatype>
<dataTypeSize>100</dataTypeSize>
<ownDataTypeParameters>100,,</ownDataTypeParameters>
</Attribute>
<Attribute name="direccion" id="12232DBC-D617-6BB2-0981-01417E8745E7">
<createdBy>Seba</createdBy>
<createdTime>2025-09-08 21:27:59 UTC</createdTime>
<ownerDesignName>Semana 4</ownerDesignName>
<engineerTo>
<item key="7CDDBEAD-3ACC-AD00-437F-9489CB77D3C2" value="true"/>
</engineerTo>
<useDomainConstraints>false</useDomainConstraints>
<use>1</use>
<logicalDatatype>LOGDT024</logicalDatatype>
<dataTypeSize>100</dataTypeSize>
<ownDataTypeParameters>100,,</ownDataTypeParameters>
</Attribute>
<Attribute name="ciudad" id="BDBFA995-0090-B92B-48A7-3642CB7DCB32">
<createdBy>Seba</createdBy>
<createdTime>2025-09-08 21:27:59 UTC</createdTime>
<ownerDesignName>Semana 4</ownerDesignName>
<engineerTo>
<item key="7CDDBEAD-3ACC-AD00-437F-9489CB77D3C2" value="true"/>
</engineerTo>
<useDomainConstraints>false</useDomainConstraints>
<use>1</use>
<logicalDatatype>LOGDT024</logicalDatatype>
<dataTypeSize>100</dataTypeSize>
<ownDataTypeParameters>100,,</ownDataTypeParameters>
</Attribute>
<Attribute name="pais" id="39ADAE7D-0C51-2EDF-8E32-F5C6A5787BC4">
<createdBy>Seba</createdBy>
<createdTime>2025-09-08 21:27:59 UTC</createdTime>
<ownerDesignName>Semana 4</ownerDesignName>
<engineerTo>
<item key="7CDDBEAD-3ACC-AD00-437F-9489CB77D3C2" value="true"/>
</engineerTo>
<useDomainConstraints>false</useDomainConstraints>
<use>1</use>
<logicalDatatype>LOGDT024</logicalDatatype>
<dataTypeSize>50</dataTypeSize>
<ownDataTypeParameters>50,,</ownDataTypeParameters>
</Attribute>
<Attribute name="residencia_chile" id="635201C2-121C-0FF3-B238-4ED993906CFD">
<createdBy>Seba</createdBy>
<createdTime>2025-09-08 21:27:59 UTC</createdTime>
<ownerDesignName>Semana 4</ownerDesignName>
<engineerTo>
<item key="7CDDBEAD-3ACC-AD00-437F-9489CB77D3C2" value="true"/>
</engineerTo>
<useDomainConstraints>false</useDomainConstraints>
<use>1</use>
<logicalDatatype>LOGDT024</logicalDatatype>
<dataTypeSize>100</dataTypeSize>
<ownDataTypeParameters>100,,</ownDataTypeParameters>
</Attribute>
<Attribute name="remuneracion_maxima" id="467A7F9D-9FA0-4F59-9163-AA8BE1E2B1AD">
<createdBy>Seba</createdBy>
<createdTime>2025-09-08 21:28:00 UTC</createdTime>
<ownerDesignName>Semana 4</ownerDesignName>
<engineerTo>
<item key="7CDDBEAD-3ACC-AD00-437F-9489CB77D3C2" value="true"/>
</engineerTo>
<nullsAllowed>true</nullsAllowed>
<useDomainConstraints>false</useDomainConstraints>
<use>1</use>
<logicalDatatype>LOGDT019</logicalDatatype>
<dataTypePrecision>2</dataTypePrecision>
<ownDataTypeParameters>,2,</ownDataTypeParameters>
</Attribute>
</attributes>
<identifiers itemClass="oracle.dbtools.crest.model.design.logical.CandidateKey">
<identifier id="8A8A2620-6CB1-1307-B054-3C98F90547B3" name="Empresa PK">
<createdBy>Seba</createdBy>
<createdTime>2025-09-08 21:28:37 UTC</createdTime>
<ownerDesignName>Semana 4</ownerDesignName>
<engineerTo>
<item key="7CDDBEAD-3ACC-AD00-437F-9489CB77D3C2" value="true"/>
</engineerTo>
<pk>true</pk>
<usedAttributes>
<attributeRef>A819B601-C54C-BDBF-6EE2-2E9C409BA4A0</attributeRef>
</usedAttributes>
</identifier>
</identifiers>
</Entity>