<?xml version = '1.0' encoding = 'UTF-8'?>
<Table class="oracle.dbtools.crest.model.design.relational.Table" directorySegmentName="seg_0" id="A44FB7B9-913C-CEE8-0657-788DB112FF1D" name="Postulante">
<sourceDDLFile>tarea.sql</sourceDDLFile>
<createdBy>Seba</createdBy>
<createdTime>2025-09-08 03:17:40 UTC</createdTime>
<ownerDesignName>Semana 4</ownerDesignName>
<importedID>B47180DB-7FB3-1DFF-FD6F-A400692CB98C</importedID>
<allowColumnReorder>false</allowColumnReorder>
<existDependencyGenerateInDDl>true</existDependencyGenerateInDDl>
<parsed>true</parsed>
<columns itemClass="oracle.dbtools.crest.model.design.relational.Column">
<Column name="folio_postulante" id="16AA913D-BC5B-7D1D-4E61-6EF17377E811">
<sourceDDLFile>tarea.sql</sourceDDLFile>
<createdBy>Seba</createdBy>
<createdTime>2025-09-08 03:17:40 UTC</createdTime>
<ownerDesignName>Semana 4</ownerDesignName>
<importedID>26D00AF8-6460-530B-3343-5B10E56C417E</importedID>
<use>0</use>
<logicalDatatype>LOGDT024</logicalDatatype>
<domain>16D9AD02-D79F-3D71-D8B5-0DEDBC578A0E</domain>
<ownDataTypeParameters>,,</ownDataTypeParameters>
<autoIncrementCycle>false</autoIncrementCycle>
</Column>
<Column name="nombres" id="BFDE372A-C694-EE28-9554-E9433C97F7E1">
<sourceDDLFile>tarea.sql</sourceDDLFile>
<createdBy>Seba</createdBy>
<createdTime>2025-09-08 03:17:40 UTC</createdTime>
<ownerDesignName>Semana 4</ownerDesignName>
<importedID>31E8EB8E-7FF1-AAC3-1DF0-1C1E0A93A329</importedID>
<use>0</use>
<logicalDatatype>LOGDT024</logicalDatatype>
<domain>DDBD5A54-25F1-ED24-3953-EE0A147FAA49</domain>
<ownDataTypeParameters>,,</ownDataTypeParameters>
<autoIncrementCycle>false</autoIncrementCycle>
</Column>
<Column name="apellidos" id="2ED0A667-20F4-2CB3-F16D-571777672B9F">
<sourceDDLFile>tarea.sql</sourceDDLFile>
<createdBy>Seba</createdBy>
<createdTime>2025-09-08 03:17:40 UTC</createdTime>
<ownerDesignName>Semana 4</ownerDesignName>
<importedID>CAC1883B-4EE7-5689-14B4-82193AF85A9C</importedID>
<use>0</use>
<logicalDatatype>LOGDT024</logicalDatatype>
<domain>DDBD5A54-25F1-ED24-3953-EE0A147FAA49</domain>
<ownDataTypeParameters>,,</ownDataTypeParameters>
<autoIncrementCycle>false</autoIncrementCycle>
</Column>
<Column name="genero" id="6EAEF9AE-D1F2-5980-A228-9B16F105A199">
<sourceDDLFile>tarea.sql</sourceDDLFile>
<createdBy>Seba</createdBy>
<createdTime>2025-09-08 03:17:40 UTC</createdTime>
<ownerDesignName>Semana 4</ownerDesignName>
<importedID>B815CD8E-FFDB-1CE2-F7E8-1714C44F3CB2</importedID>
<nullsAllowed>true</nullsAllowed>
<use>0</use>
<logicalDatatype>LOGDT025</logicalDatatype>
<domain>628409D4-2A49-8799-645E-7B10A1A1A8C6</domain>
<ownDataTypeParameters>,,</ownDataTypeParameters>
<autoIncrementCycle>false</autoIncrementCycle>
</Column>
<Column name="fecha_nacimiento" id="6A70518B-6A84-BFCF-6843-E2F67422C6CF">
<sourceDDLFile>tarea.sql</sourceDDLFile>
<createdBy>Seba</createdBy>
<createdTime>2025-09-08 03:17:40 UTC</createdTime>
<ownerDesignName>Semana 4</ownerDesignName>
<importedID>ABA0A0AA-8E58-63B8-8E64-D5F485497605</importedID>
<use>0</use>
<logicalDatatype>LOGDT007</logicalDatatype>
<domain>0ADD6DCC-EFDF-0539-570F-C0F7B0E40C89</domain>
<ownDataTypeParameters>,,</ownDataTypeParameters>
<autoIncrementCycle>false</autoIncrementCycle>
</Column>
<Column name="pais_origen" id="CBF11EC0-F713-697F-62C7-7422A160CAF5">
<sourceDDLFile>tarea.sql</sourceDDLFile>
<createdBy>Seba</createdBy>
<createdTime>2025-09-08 03:17:40 UTC</createdTime>
<ownerDesignName>Semana 4</ownerDesignName>
<importedID>7C94EECA-4E50-E009-4358-FF2AAD4CBE1C</importedID>
<use>0</use>
<logicalDatatype>LOGDT024</logicalDatatype>
<domain>DDBD5A54-25F1-ED24-3953-EE0A147FAA49</domain>
<ownDataTypeParameters>,,</ownDataTypeParameters>
<autoIncrementCycle>false</autoIncrementCycle>
</Column>
<Column name="direccion_chile" id="F8B7BC90-1BD3-5B2F-A44B-8393AFD1B33B">
<sourceDDLFile>tarea.sql</sourceDDLFile>
<createdBy>Seba</createdBy>
<createdTime>2025-09-08 03:17:40 UTC</createdTime>
<ownerDesignName>Semana 4</ownerDesignName>
<importedID>1E0352AD-1B80-F764-B319-0885F4C32F37</importedID>
<use>0</use>
<logicalDatatype>LOGDT024</logicalDatatype>
<domain>2ACEAE91-3821-4240-98BB-53754FC6E065</domain>
<ownDataTypeParameters>,,</ownDataTypeParameters>
<autoIncrementCycle>false</autoIncrementCycle>
</Column>
<Column name="email" id="DBEE6253-D050-659D-E896-3A1D7A794C1A">
<sourceDDLFile>tarea.sql</sourceDDLFile>
<createdBy>Seba</createdBy>
<createdTime>2025-09-08 03:17:40 UTC</createdTime>
<ownerDesignName>Semana 4</ownerDesignName>
<importedID>C83BA044-16CC-AE08-F589-F61D5A4B7CD7</importedID>
<use>0</use>
<logicalDatatype>LOGDT024</logicalDatatype>
<domain>5F5C3987-4503-E97B-57FA-23C64C04D77D</domain>
<ownDataTypeParameters>,,</ownDataTypeParameters>
<autoIncrementCycle>false</autoIncrementCycle>
</Column>
<Column name="estado_civil" id="99AA7952-C553-0721-D89E-07183CF829F3">
<sourceDDLFile>tarea.sql</sourceDDLFile>
<createdBy>Seba</createdBy>
<createdTime>2025-09-08 03:17:40 UTC</createdTime>
<ownerDesignName>Semana 4</ownerDesignName>
<importedID>8E1B61A6-72B2-97F3-A815-BFCFF7BF6BED</importedID>
<nullsAllowed>true</nullsAllowed>
<use>0</use>
<logicalDatatype>LOGDT024</logicalDatatype>
<domain>B07E9921-EA75-D8A0-9953-BD8093CF38C4</domain>
<ownDataTypeParameters>,,</ownDataTypeParameters>
<autoIncrementCycle>false</autoIncrementCycle>
</Column>
<Column name="renta_actual" id="C4296225-56B8-9E0A-C98E-F7163CFC5638">
<sourceDDLFile>tarea.sql</sourceDDLFile>
<createdBy>Seba</createdBy>
<createdTime>2025-09-08 03:17:40 UTC</createdTime>
<ownerDesignName>Semana 4</ownerDesignName>
<importedID>CDE8701C-DB59-C6BD-FE50-839D31BFD041</importedID>
<nullsAllowed>true</nullsAllowed>
<use>0</use>
<logicalDatatype>LOGDT019</logicalDatatype>
<domain>70D225F6-A94D-61B2-658B-5C4811F91027</domain>
<ownDataTypeParameters>,,</ownDataTypeParameters>
<autoIncrementCycle>false</autoIncrementCycle>
</Column>
<Column name="sitio_web" id="279024D3-0C19-65DA-5135-7B97DA0D9221">
<sourceDDLFile>tarea.sql</sourceDDLFile>
<createdBy>Seba</createdBy>
<createdTime>2025-09-08 03:17:40 UTC</createdTime>
<ownerDesignName>Semana 4</ownerDesignName>
<importedID>50779759-9AB7-A13C-6C94-17C83AF4C56D</importedID>
<nullsAllowed>true</nullsAllowed>
<use>0</use>
<logicalDatatype>LOGDT024</logicalDatatype>
<domain>5F5C3987-4503-E97B-57FA-23C64C04D77D</domain>
<ownDataTypeParameters>,,</ownDataTypeParameters>
<autoIncrementCycle>false</autoIncrementCycle>
</Column>
<Column name="rut_chileno" id="46509DDE-FCFE-1E5C-CC94-62003F64E6B1">
<sourceDDLFile>tarea.sql</sourceDDLFile>
<createdBy>Seba</createdBy>
<createdTime>2025-09-08 03:17:40 UTC</createdTime>
<ownerDesignName>Semana 4</ownerDesignName>
<importedID>B5BC9EB7-66EA-9098-BE7D-4681E8D628A6</importedID>
<nullsAllowed>true</nullsAllowed>
<use>0</use>
<logicalDatatype>LOGDT024</logicalDatatype>
<domain>F9C4E1EB-4FCE-AF54-F9D8-5648CD86196A</domain>
<ownDataTypeParameters>,,</ownDataTypeParameters>
<autoIncrementCycle>false</autoIncrementCycle>
</Column>
</columns>
<indexes itemClass="oracle.dbtools.crest.model.design.relational.Index">
<ind_PK_UK id="7F5D14A1-9799-0D32-5F5F-A13480DEDD81" name="Postulante_PK">
<sourceDDLFile>tarea.sql</sourceDDLFile>
<createdBy>Seba</createdBy>
<createdTime>2025-09-08 03:17:40 UTC</createdTime>
<ownerDesignName>Semana 4</ownerDesignName>
<importedID>FFD0906C-845E-B25E-81ED-CFCD6E2F6FD5</importedID>
<pk>true</pk>
<indexState>Primary Constraint</indexState>
<isSurrogateKey>false</isSurrogateKey>
<indexColumnUsage>
<colUsage columnID="16AA913D-BC5B-7D1D-4E61-6EF17377E811"/>
</indexColumnUsage>
</ind_PK_UK>
<ind_PK_UK id="1632EFF4-21C8-BD60-3C66-988709F7C63C" name="INDEX_1v1">
<sourceDDLFile>tarea.sql</sourceDDLFile>
<createdBy>Seba</createdBy>
<createdTime>2025-09-08 03:17:40 UTC</createdTime>
<ownerDesignName>Semana 4</ownerDesignName>
<importedID>59D905EC-5587-BD76-8479-7A656AA2588B</importedID>
<indexState>Unique Constraint</indexState>
<isSurrogateKey>false</isSurrogateKey>
<indexColumnUsage>
<colUsage columnID="DBEE6253-D050-659D-E896-3A1D7A794C1A"/>
</indexColumnUsage>
</ind_PK_UK>
<ind_PK_UK id="6867A7CD-93A0-D940-CA8C-FFC1BF99A50F" name="INDEX_2">
<sourceDDLFile>tarea.sql</sourceDDLFile>
<createdBy>Seba</createdBy>
<createdTime>2025-09-08 03:17:40 UTC</createdTime>
<ownerDesignName>Semana 4</ownerDesignName>
<importedID>2E59C157-5EB1-0211-1557-CFDE54B97F02</importedID>
<indexState>Unique Constraint</indexState>
<isSurrogateKey>false</isSurrogateKey>
<indexColumnUsage>
<colUsage columnID="279024D3-0C19-65DA-5135-7B97DA0D9221"/>
</indexColumnUsage>
</ind_PK_UK>
<ind_PK_UK id="F42323E7-8090-AC18-BE61-54EAD223CA12" name="INDEX_3">
<sourceDDLFile>tarea.sql</sourceDDLFile>
<createdBy>Seba</createdBy>
<createdTime>2025-09-08 03:17:40 UTC</createdTime>
<ownerDesignName>Semana 4</ownerDesignName>
<importedID>635EF8B9-46CA-E3CA-4FED-33F92BE09AE4</importedID>
<indexState>Unique Constraint</indexState>
<isSurrogateKey>false</isSurrogateKey>
<indexColumnUsage>
<colUsage columnID="46509DDE-FCFE-1E5C-CC94-62003F64E6B1"/>
</indexColumnUsage>
</ind_PK_UK>
</indexes>
</Table>