<?xml version = '1.0' encoding = 'UTF-8'?>
<Table class="oracle.dbtools.crest.model.design.relational.Table" directorySegmentName="seg_0" id="D60F67A7-719E-9CD5-C80C-CACD71A601D7" name="Postulante_Grado">
<sourceDDLFile>tarea.sql</sourceDDLFile>
<createdBy>Seba</createdBy>
<createdTime>2025-09-08 03:17:40 UTC</createdTime>
<ownerDesignName>Semana 4</ownerDesignName>
<importedID>FB38ABEF-2EF3-F783-B5A2-1D4D6D0F59BA</importedID>
<allowColumnReorder>false</allowColumnReorder>
<existDependencyGenerateInDDl>true</existDependencyGenerateInDDl>
<parsed>true</parsed>
<columns itemClass="oracle.dbtools.crest.model.design.relational.Column">
<Column name="folio_postulante_fk" id="CAC79989-4D23-53AE-6AEF-DBDB9E3CAE5E">
<sourceDDLFile>tarea.sql</sourceDDLFile>
<createdBy>Seba</createdBy>
<createdTime>2025-09-08 03:17:40 UTC</createdTime>
<ownerDesignName>Semana 4</ownerDesignName>
<importedID>5DC9AB9B-A5BC-7735-1490-C3753722F3A1</importedID>
<use>0</use>
<logicalDatatype>LOGDT024</logicalDatatype>
<domain>16D9AD02-D79F-3D71-D8B5-0DEDBC578A0E</domain>
<ownDataTypeParameters>,,</ownDataTypeParameters>
<autoIncrementCycle>false</autoIncrementCycle>
<associations>
<colAssociation fkAssociation="F816B24D-996B-9D7D-F678-1CA6CE36313E" referredColumn="16AA913D-BC5B-7D1D-4E61-6EF17377E811"/>
</associations>
</Column>
<Column name="id_grado_fk" id="F4E2684E-A4C4-AD94-0BBE-8CCDF5911F25">
<sourceDDLFile>tarea.sql</sourceDDLFile>
<createdBy>Seba</createdBy>
<createdTime>2025-09-08 03:17:40 UTC</createdTime>
<ownerDesignName>Semana 4</ownerDesignName>
<importedID>4BB64C1E-4FC0-F6F6-F044-12E100C77969</importedID>
<use>0</use>
<logicalDatatype>LOGDT019</logicalDatatype>
<domain>A30D213A-B594-1747-6C52-F6C2CE09619C</domain>
<ownDataTypeParameters>,,</ownDataTypeParameters>
<autoIncrementCycle>false</autoIncrementCycle>
<associations>
<colAssociation fkAssociation="6E61DFAF-3246-8237-6E9D-9A1F59E2CC92" referredColumn="27FD7171-6798-4C04-FFCA-26634F997026"/>
</associations>
</Column>
</columns>
<indexes itemClass="oracle.dbtools.crest.model.design.relational.Index">
<ind_PK_UK id="D5484623-1809-C120-8697-E7C4255D6634" name="Postulante_Grado_PK">
<sourceDDLFile>tarea.sql</sourceDDLFile>
<createdBy>Seba</createdBy>
<createdTime>2025-09-08 03:17:40 UTC</createdTime>
<ownerDesignName>Semana 4</ownerDesignName>
<importedID>4E438137-44A0-3CA9-5535-711AAAD7058A</importedID>
<pk>true</pk>
<indexState>Primary Constraint</indexState>
<isSurrogateKey>false</isSurrogateKey>
<indexColumnUsage>
<colUsage columnID="CAC79989-4D23-53AE-6AEF-DBDB9E3CAE5E"/>
</indexColumnUsage>
</ind_PK_UK>
<ind_PK_UK id="2BD81068-C0A5-99EA-C831-FE70623CA771" name="Postulante_Grado_Grado_Academico_FK">
<createdBy>Seba</createdBy>
<createdTime>2025-09-08 03:17:40 UTC</createdTime>
<ownerDesignName>Semana 4</ownerDesignName>
<indexState>Foreign Key</indexState>
<isSurrogateKey>false</isSurrogateKey>
<indexColumnUsage>
<colUsage columnID="F4E2684E-A4C4-AD94-0BBE-8CCDF5911F25"/>
</indexColumnUsage>
</ind_PK_UK>
<ind_PK_UK id="B3419B22-E988-0830-62F1-265E24194E30" name="Postulante_Grado_Postulante_FK">
<createdBy>Seba</createdBy>
<createdTime>2025-09-08 03:17:40 UTC</createdTime>
<ownerDesignName>Semana 4</ownerDesignName>
<indexState>Foreign Key</indexState>
<isSurrogateKey>false</isSurrogateKey>
<indexColumnUsage>
<colUsage columnID="CAC79989-4D23-53AE-6AEF-DBDB9E3CAE5E"/>
</indexColumnUsage>
</ind_PK_UK>
</indexes>
</Table>