<?xml version = '1.0' encoding = 'UTF-8'?>
<Table class="oracle.dbtools.crest.model.design.relational.Table" directorySegmentName="seg_0" id="FA5D1DAA-D17B-0D78-46FD-A5C1413BEB61" name="Empresa">
<sourceDDLFile>tarea.sql</sourceDDLFile>
<createdBy>Seba</createdBy>
<createdTime>2025-09-08 03:17:40 UTC</createdTime>
<ownerDesignName>Semana 4</ownerDesignName>
<importedID>0733E37A-9E31-C2E3-A8D0-C47324C04F6A</importedID>
<allowColumnReorder>false</allowColumnReorder>
<existDependencyGenerateInDDl>true</existDependencyGenerateInDDl>
<parsed>true</parsed>
<columns itemClass="oracle.dbtools.crest.model.design.relational.Column">
<Column name="sigla_empresa" id="3F39D34D-8DEB-813A-AF8E-1295BE619667">
<sourceDDLFile>tarea.sql</sourceDDLFile>
<createdBy>Seba</createdBy>
<createdTime>2025-09-08 03:17:40 UTC</createdTime>
<ownerDesignName>Semana 4</ownerDesignName>
<importedID>F545DAC7-774E-4969-3CA8-136F979F7696</importedID>
<use>0</use>
<logicalDatatype>LOGDT024</logicalDatatype>
<domain>16D9AD02-D79F-3D71-D8B5-0DEDBC578A0E</domain>
<ownDataTypeParameters>,,</ownDataTypeParameters>
<autoIncrementCycle>false</autoIncrementCycle>
</Column>
<Column name="nombre_empresa" id="EFEAE12C-7916-CD73-0A26-D5DC1E3B21C5">
<sourceDDLFile>tarea.sql</sourceDDLFile>
<createdBy>Seba</createdBy>
<createdTime>2025-09-08 03:17:40 UTC</createdTime>
<ownerDesignName>Semana 4</ownerDesignName>
<importedID>120140F8-F9B4-5A1E-BCEE-1FB68DCD96D8</importedID>
<use>0</use>
<logicalDatatype>LOGDT024</logicalDatatype>
<domain>5F5C3987-4503-E97B-57FA-23C64C04D77D</domain>
<ownDataTypeParameters>,,</ownDataTypeParameters>
<autoIncrementCycle>false</autoIncrementCycle>
</Column>
<Column name="direccion" id="14AB42DD-D648-0F59-7CF9-272A6A6A0285">
<sourceDDLFile>tarea.sql</sourceDDLFile>
<createdBy>Seba</createdBy>
<createdTime>2025-09-08 03:17:40 UTC</createdTime>
<ownerDesignName>Semana 4</ownerDesignName>
<importedID>AD8C47CA-0F5C-1025-06B4-5021C8039AB6</importedID>
<use>0</use>
<logicalDatatype>LOGDT024</logicalDatatype>
<domain>2ACEAE91-3821-4240-98BB-53754FC6E065</domain>
<ownDataTypeParameters>,,</ownDataTypeParameters>
<autoIncrementCycle>false</autoIncrementCycle>
</Column>
<Column name="ciudad" id="72567833-EC81-EA56-A165-349ADB1EF0C3">
<sourceDDLFile>tarea.sql</sourceDDLFile>
<createdBy>Seba</createdBy>
<createdTime>2025-09-08 03:17:40 UTC</createdTime>
<ownerDesignName>Semana 4</ownerDesignName>
<importedID>501AF975-3615-100D-F4F9-DF68A983E2A1</importedID>
<use>0</use>
<logicalDatatype>LOGDT024</logicalDatatype>
<domain>DDBD5A54-25F1-ED24-3953-EE0A147FAA49</domain>
<ownDataTypeParameters>,,</ownDataTypeParameters>
<autoIncrementCycle>false</autoIncrementCycle>
</Column>
<Column name="pais" id="B047CC9A-5CCD-55D4-9B2E-EDECBACD6DC4">
<sourceDDLFile>tarea.sql</sourceDDLFile>
<createdBy>Seba</createdBy>
<createdTime>2025-09-08 03:17:40 UTC</createdTime>
<ownerDesignName>Semana 4</ownerDesignName>
<importedID>2F457DAE-CBFC-4340-CA93-31198E53891C</importedID>
<use>0</use>
<logicalDatatype>LOGDT024</logicalDatatype>
<domain>DDBD5A54-25F1-ED24-3953-EE0A147FAA49</domain>
<ownDataTypeParameters>,,</ownDataTypeParameters>
<autoIncrementCycle>false</autoIncrementCycle>
</Column>
<Column name="residencia_chile" id="A14207CD-E8B2-084A-E145-65AFC3B56BD9">
<sourceDDLFile>tarea.sql</sourceDDLFile>
<createdBy>Seba</createdBy>
<createdTime>2025-09-08 03:17:40 UTC</createdTime>
<ownerDesignName>Semana 4</ownerDesignName>
<importedID>F89A0FF7-1F4D-DDE6-3A71-37B7FB66D2B3</importedID>
<use>0</use>
<logicalDatatype>LOGDT025</logicalDatatype>
<domain>628409D4-2A49-8799-645E-7B10A1A1A8C6</domain>
<ownDataTypeParameters>,,</ownDataTypeParameters>
<autoIncrementCycle>false</autoIncrementCycle>
</Column>
<Column name="remuneracion_maxima" id="F53F65DF-4A0F-3F0C-D4C7-F672F9979A3B">
<sourceDDLFile>tarea.sql</sourceDDLFile>
<createdBy>Seba</createdBy>
<createdTime>2025-09-08 03:17:40 UTC</createdTime>
<ownerDesignName>Semana 4</ownerDesignName>
<importedID>14BC9C3C-E3BC-02F3-E893-F0C0FBFB38F9</importedID>
<nullsAllowed>true</nullsAllowed>
<useDomainConstraints>false</useDomainConstraints>
<use>0</use>
<logicalDatatype>LOGDT019</logicalDatatype>
<domain>70D225F6-A94D-61B2-658B-5C4811F91027</domain>
<ownDataTypeParameters>,,</ownDataTypeParameters>
<autoIncrementCycle>false</autoIncrementCycle>
<listOfRanges>
<rangeDef class="oracle.dbtools.crest.model.design.constraint.AVT">
<beginValue>1850000</beginValue>
<endValue>4800000</endValue>
</rangeDef>
</listOfRanges>
</Column>
</columns>
<indexes itemClass="oracle.dbtools.crest.model.design.relational.Index">
<ind_PK_UK id="04F0D890-0938-6796-15D8-72B24B20D684" name="Empresa_PK">
<sourceDDLFile>tarea.sql</sourceDDLFile>
<createdBy>Seba</createdBy>
<createdTime>2025-09-08 03:17:40 UTC</createdTime>
<ownerDesignName>Semana 4</ownerDesignName>
<importedID>D9D504C9-3FFB-9D5D-3638-3C5B419ED70C</importedID>
<pk>true</pk>
<indexState>Primary Constraint</indexState>
<isSurrogateKey>false</isSurrogateKey>
<indexColumnUsage>
<colUsage columnID="3F39D34D-8DEB-813A-AF8E-1295BE619667"/>
</indexColumnUsage>
</ind_PK_UK>
</indexes>
</Table>