<?xml version = '1.0' encoding = 'UTF-8'?>
<FKIndexAssociation class="oracle.dbtools.crest.model.design.relational.FKIndexAssociation" directorySegmentName="seg_0" id="6E61DFAF-3246-8237-6E9D-9A1F59E2CC92" containerWithKeyObject="D60F67A7-719E-9CD5-C80C-CACD71A601D7" localFKIndex="2BD81068-C0A5-99EA-C831-FE70623CA771" name="Postulante_Grado_Grado_Academico_FK">
<sourceDDLFile>tarea.sql</sourceDDLFile>
<createdBy>Seba</createdBy>
<createdTime>2025-09-08 03:17:40 UTC</createdTime>
<ownerDesignName>Semana 4</ownerDesignName>
<importedID>DC7A01E2-922A-615A-A66F-A90C7BA1DECB</importedID>
<referredTableLongName>Grado_Academico</referredTableLongName>
<deleteRule>NO ACTION</deleteRule>
<referredTableID>8A38DC59-2FC3-0EF3-D28C-E26C6E1F9566</referredTableID>
<keyObject>DC78EB1A-091D-B633-7BE2-ADD864256F49</keyObject>
<referredKeyID>DC78EB1A-091D-B633-7BE2-ADD864256F49</referredKeyID>
<mandatory>true</mandatory>
<refColNames>id_grado</refColNames>
<transferable>true</transferable>
<rely>false</rely>
<columnDependencyConstraintGenerateInDDL>true</columnDependencyConstraintGenerateInDDL>
</FKIndexAssociation>