<?xml version = '1.0' encoding = 'UTF-8'?>
<FKIndexAssociation class="oracle.dbtools.crest.model.design.relational.FKIndexAssociation" directorySegmentName="seg_0" id="A992C3AB-3BF0-C542-9EBA-0231EEAC0352" containerWithKeyObject="C6500CEE-B83C-5083-9DF8-E26FA3D4D41A" localFKIndex="A637C527-3809-1A12-376E-4734A78CE75D" name="Postulante_Profesion_Postulante_FK">
<sourceDDLFile>tarea.sql</sourceDDLFile>
<createdBy>Seba</createdBy>
<createdTime>2025-09-08 03:17:40 UTC</createdTime>
<ownerDesignName>Semana 4</ownerDesignName>
<importedID>8A868B72-02BF-7D6E-314F-5B169296B9A9</importedID>
<referredTableLongName>Postulante</referredTableLongName>
<deleteRule>NO ACTION</deleteRule>
<referredTableID>A44FB7B9-913C-CEE8-0657-788DB112FF1D</referredTableID>
<keyObject>7F5D14A1-9799-0D32-5F5F-A13480DEDD81</keyObject>
<referredKeyID>7F5D14A1-9799-0D32-5F5F-A13480DEDD81</referredKeyID>
<mandatory>true</mandatory>
<refColNames>folio_postulante</refColNames>
<transferable>true</transferable>
<rely>false</rely>
<columnDependencyConstraintGenerateInDDL>true</columnDependencyConstraintGenerateInDDL>
</FKIndexAssociation>