<?xml version = '1.0' encoding = 'UTF-8'?>
<relationalModel class="oracle.dbtools.crest.model.design.relational.RelationalDesign" name="Relational_1" id="7CDDBEAD-3ACC-AD00-437F-9489CB77D3C2" mainViewID="F55B6AA0-99C5-2DD9-283F-0FA7D1BEB753">
<createdBy>Seba</createdBy>
<createdTime>2025-09-08 03:15:51 UTC</createdTime>
<ownerDesignName>Semana 4</ownerDesignName>
<shouldBeOpen>false</shouldBeOpen>
<selectedRDBMSSite>32076570-2523-435C-2E92-BF29817DFF70</selectedRDBMSSite>
<importDDLFileStamps>
<importDDLFileStamp class="oracle.dbtools.crest.imports.DDLFileStamp">
<fileName>tarea.sql</fileName>
<pathName>C:\Users\sebas\Desktop</pathName>
<dbType>9</dbType>
</importDDLFileStamp>
</importDDLFileStamps>
</relationalModel>