<?xml version = '1.0' encoding = 'UTF-8'?>
<TableProxyOraclev11g class="oracle.dbtools.crest.model.design.storage.oracle.v11g.TableProxyOraclev11g" name="Postulante_Profesion" directorySegmentName="seg_0" id="C6500CEE-B83C-5083-9DF8-E26FA3D4D41A">
<createdBy>Seba</createdBy>
<createdTime>2025-09-08 03:17:40 UTC</createdTime>
<ownerDesignName>Semana 4</ownerDesignName>
<logging>YES</logging>
<partitionedRowMovement>DISABLE</partitionedRowMovement>
<temporaryChanged>false</temporaryChanged>
<accessDriverType>oracle_loader</accessDriverType>
<rejectLimit></rejectLimit>
<columnProxies itemClass="oracle.dbtools.crest.model.design.storage.oracle.v12c.ColumnProxyOraclev12c">
<ColumnProxy name="fecha_obtencion" id="207E4E65-265E-F612-4F74-7BC2B726AC0E">
<createdBy>Seba</createdBy>
<createdTime>2025-09-08 03:17:40 UTC</createdTime>
<ownerDesignName>Semana 4</ownerDesignName>
</ColumnProxy>
<ColumnProxy name="id_profesion_fk" id="BDD0EFFF-1BA8-98F2-C8E0-2CC7FCD98468">
<createdBy>Seba</createdBy>
<createdTime>2025-09-08 03:17:40 UTC</createdTime>
<ownerDesignName>Semana 4</ownerDesignName>
</ColumnProxy>
<ColumnProxy name="folio_postulante_fk" id="FCCB7160-5449-A38E-8680-A1E0C41F9BDE">
<createdBy>Seba</createdBy>
<createdTime>2025-09-08 03:17:40 UTC</createdTime>
<ownerDesignName>Semana 4</ownerDesignName>
</ColumnProxy>
</columnProxies>
<foreignKeys>
<ForeignKey class="oracle.dbtools.crest.model.design.storage.oracle.v10g.FKProxyOraclev10g" name="Postulante_Profesion_Profesion_FK" id="719C508E-42AE-70ED-BD48-C47340368352">
<createdBy>Seba</createdBy>
<createdTime>2025-09-08 03:17:40 UTC</createdTime>
<ownerDesignName>Semana 4</ownerDesignName>
</ForeignKey>
<ForeignKey class="oracle.dbtools.crest.model.design.storage.oracle.v10g.FKProxyOraclev10g" name="Postulante_Profesion_Postulante_FK" id="A637C527-3809-1A12-376E-4734A78CE75D">
<createdBy>Seba</createdBy>
<createdTime>2025-09-08 03:17:40 UTC</createdTime>
<ownerDesignName>Semana 4</ownerDesignName>
</ForeignKey>
</foreignKeys>
<primaryKeys>
<PrimaryKey class="oracle.dbtools.crest.model.design.storage.oracle.v10g.PKProxyOraclev10g" name="Postulante_Profesion_PK" id="AB75E744-EB7E-CC2B-53EE-096B863168E0">
<createdBy>Seba</createdBy>
<createdTime>2025-09-08 03:17:40 UTC</createdTime>
<ownerDesignName>Semana 4</ownerDesignName>
<indexSort>SORTED</indexSort>
</PrimaryKey>
</primaryKeys>
</TableProxyOraclev11g>